Truy vấn phổ biến nhất,Lượt nhấp,Lượt hiển thị,CTR,Vị trí
72hours,193,11046,1.75%,4.02
big emergency blanket,132,1830,7.21%,7.19
hand crank flashlight,101,17063,0.59%,9.54
best hand crank flashlight,92,3965,2.32%,5.19
dynamo led hand,84,536,15.67%,4.18
72 hours,81,88320,0.09%,7.68
best dynamo flashlight,74,747,9.91%,6.33
72 hours military backpack,70,502,13.94%,2.45
flashlight hand power light,53,471,11.25%,8.55
72 hour kits,52,3675,1.41%,32.94
toilet cover portable,49,382,12.83%,8.59
72 hrs,46,11741,0.39%,5.98
portable toilet cover,45,1151,3.91%,9.74
dynamo hand torch,45,521,8.64%,7.04
crank flashlight,42,10959,0.38%,8.95
72 hour emergency kit,38,3224,1.18%,10.09
72 hour kit,36,7259,0.5%,12.97
72 hour,34,6595,0.52%,5.88
mre meals,33,37639,0.09%,14.17
72 hour survival kit,33,4051,0.81%,12.02
dynamo flashlight large,30,591,5.08%,10.58
72hrs,26,5466,0.48%,7.8
large emergency blankets,24,577,4.16%,7.96
72hour,22,974,2.26%,2.65
72 hours backpack,22,475,4.63%,5.61
wind up flashlight,21,6275,0.33%,7.34
best crank flashlight,21,730,2.88%,7.75
72 hours.com,20,32,62.5%,1
72 hours survival kit,19,923,2.06%,18.64
dynamo flashlight 6led,18,257,7%,10.67
72 hour bag,17,3064,0.55%,13.96
mylar bags,16,80509,0.02%,15.05
72 hour survival backpack,16,1009,1.59%,7.59
carabiner handle cup,15,336,4.46%,10.57
tube tent,13,5913,0.22%,9.98
72 hours emergency kit,13,504,2.58%,9.39
fire blanket,12,31544,0.04%,18.62
hand powered flashlight,12,1453,0.83%,7.71
battery dynamo flashlight,12,470,2.55%,11.66
72 hours kit,12,404,2.97%,19.69
portable toilet,11,52460,0.02%,32.53
survival kit backpack,11,4820,0.23%,20.71
emergency backpack,11,4771,0.23%,26.05
fire blankets for sale,11,4717,0.23%,9.57
emergency survival kit,11,3309,0.33%,42.87
72 hour kit backpack,11,706,1.56%,9.33
emergency candles,10,6779,0.15%,14.63
datrex,10,4424,0.23%,11.26
snap on toilet seat,9,1622,0.55%,5.96
survival tabs,9,806,1.12%,12.4
aluminum emergency whistles,9,547,1.65%,8.61
toothbrush,8,49473,0.02%,11.03
dynamo flashlight,8,2879,0.28%,14.74
72 hour backpack,8,1473,0.54%,10.57
kaito ka700,8,622,1.29%,7.36
emergency survival backpack,8,606,1.32%,12.14
72 hours bag,8,373,2.14%,8.79
72 hours survival,8,110,7.27%,6.61
72 hour earthquake kit,8,75,10.67%,6.96
72hours.com,8,16,50%,1
car emergency kit,7,9974,0.07%,37.86
mountain house food,7,7822,0.09%,15.34
survival backpack kit,7,2432,0.29%,15.05
jetboil minimo,7,1943,0.36%,29.73
72hours.ca,7,991,0.71%,4.05
jetboil sumo,7,514,1.36%,26.33
stayglow swiss army knife,7,171,4.09%,7.38
mylar bag,6,11058,0.05%,17.4
survival kits,6,5190,0.12%,58.64
fire blanket price,6,2480,0.24%,10.37
freeze dried cranberries,6,1571,0.38%,16.65
hand crank light,6,1395,0.43%,10.97
tactical backpack,6,852,0.7%,49.59
emergency crank flashlight,6,730,0.82%,5.38
jungle master machete,6,651,0.92%,11.16
72 hours.ca,6,641,0.94%,4.69
earthquake kits,6,582,1.03%,7.99
carabiner mug,6,259,2.32%,35.99
72 hours kits,6,187,3.21%,6.66
72hr emergency kit,6,111,5.41%,7.11
72 hours emergency,6,94,6.38%,7.52
victorinox classic sd stayglow,6,78,7.69%,5.5
72 hours preparedness kit,6,63,9.52%,8.49
mountain house,5,63994,0.01%,14.91
oil siphon pump,5,7494,0.07%,12.09
clipboard with cover,5,2960,0.17%,4.02
2 gallon mylar bags,5,1774,0.28%,5.77
72 hr,5,1647,0.3%,5.41
speed splint,5,684,0.73%,6.41
72 emergency kit,5,667,0.75%,7.02
sos emergency food ration,5,659,0.76%,15.87
earthquake alarm,5,654,0.76%,17.25
emergency preparedness backpack,5,490,1.02%,15.87
dynamo flashlight battery,5,449,1.11%,9.14
best 72 hour survival kit,5,337,1.48%,16.87
best wind up flashlight,5,290,1.72%,6.96
emergency kit 72 hours,5,127,3.94%,10.57
72 hour supply,5,107,4.67%,8.25
bug out bag,5,51,9.8%,10.51
metal cups camping 220,5,29,17.24%,5.07
thermal blanket,4,19449,0.02%,18.46
emergency car kit,4,8756,0.05%,25.95
mres,4,7336,0.05%,18.12
mre,4,3877,0.1%,14.49
hand cranked flashlight,4,3007,0.13%,11.18
crank flashlights,4,918,0.44%,11.84
mechanical flashlight,4,772,0.52%,10.48
emergency backpack kit,4,700,0.57%,17.61
oxygen absorbers,4,389,1.03%,29.5
portable toilet lid,4,373,1.07%,7.88
72 hour tactical backpack,4,357,1.12%,5.53
72 hour survival kits,4,335,1.19%,9.31
victorinox adventurer,4,307,1.3%,10.8
camping toilet seat,4,301,1.33%,9.54
72 hr kit,4,290,1.38%,11.68
72 hour emergency backpack,4,261,1.53%,10.45
portable toilet seat,4,244,1.64%,25.85
xmre,4,238,1.68%,14.78
hand crank led flashlight,4,213,1.88%,7.73
wind-up flashlight,4,178,2.25%,7.92
lifestraw play,4,164,2.44%,9.06
72hr survival kit,4,116,3.45%,8.52
camping emergency tent,4,112,3.57%,10.8
luxury survival kit,4,89,4.49%,6.76
lrp rations for sale,4,49,8.16%,11.8
crusader one radio,4,35,11.43%,4.37
5 gallon bucket toilet seat,4,29,13.79%,17.03
mountain house meals,3,10433,0.03%,20.07
lifestraw water bottle,3,8294,0.04%,12.38
swiss army knife,3,8189,0.04%,33.25
readywise,3,5741,0.05%,22.82
traction mat,3,5294,0.06%,8.07
portable toilet for adults,3,3016,0.1%,18
mountainhouse,3,3012,0.1%,12.21
hand crank flashlights,3,2795,0.11%,10.93
emergency kit for car,3,2618,0.11%,29.72
datrex emergency rations,3,1964,0.15%,14.26
datrex emergency drinking water,3,1070,0.28%,11.76
emergency rations,3,1008,0.3%,48.12
emergency water ration,3,789,0.38%,11.27
crank powered flashlight,3,746,0.4%,9.55
jetboil luna,3,644,0.47%,11.36
72 hour candle,3,557,0.54%,5.79
72 hour go bag,3,507,0.59%,14.98
large thermal blanket,3,397,0.76%,8.71
jetboil luna satellite burner,3,390,0.77%,12.38
wool fire blanket,3,380,0.79%,22.77
luna satellite burner,3,346,0.87%,13.08
72 hour car kit,3,296,1.01%,4.14
emergency 72 hour kit,3,294,1.02%,11.29
datrex 3600,3,292,1.03%,9.74
72hr,3,283,1.06%,19.95
dynamo hand crank light,3,276,1.09%,11.57
hand charge flashlight,3,259,1.16%,9.19
camping mug with carabiner handle,3,223,1.35%,7.31
victorinox stayglow,3,197,1.52%,14.81
led crank flashlight,3,180,1.67%,7.88
telescopic bellow,3,177,1.69%,9.29
72-hour survival kit,3,156,1.92%,12.33
mountain house breakfast bucket,3,126,2.38%,8.95
kaito voyager pro ka600 review,3,119,2.52%,10.82
72 kit,3,114,2.63%,6.88
fire blanket ratings,3,92,3.26%,8.45
carabiner cup,3,78,3.85%,48.03
72h backpack,3,65,4.62%,7.14
jet boil sumo,3,49,6.12%,17.73
victorinox classic stayglow,3,18,16.67%,9.33
mantas ignífugas certificadas,3,5,60%,4.2
pocket bellows,3,4,75%,6
mre food,2,5531,0.04%,14.68
disposable toilet seat covers,2,4779,0.04%,25.42
thermal blankets,2,3528,0.06%,20.46
emergency water,2,2948,0.07%,37.49
gluten free mre,2,2875,0.07%,16.67
survival kit,2,2667,0.07%,58.71
emergency drinking water,2,2655,0.08%,35.3
portable toilets for sale,2,2537,0.08%,24.33
emergency tent,2,2083,0.1%,25.3
survival backpack,2,1734,0.12%,25.31
camping burner,2,1698,0.12%,23.6
instafire,2,1681,0.12%,20.62
2 person 72 hour survival kit,2,1426,0.14%,8.8
mylar thermal blanket,2,1401,0.14%,16.49
emergency kit for school,2,1200,0.17%,22.57
survival candles,2,1133,0.18%,11.09
emergency kit backpack,2,1121,0.18%,25.84
freeze dried vegetables,2,1044,0.19%,59.47
tire traction mats,2,1034,0.19%,12.29
kaito voyager pro ka600,2,905,0.22%,11.58
best hand crank flashlights,2,870,0.23%,5.61
how much does a fire blanket cost,2,780,0.26%,6.87
kaito voyager pro weather radio,2,668,0.3%,12.8
72 survival kit,2,611,0.33%,10.1
ziplock mylar bags,2,571,0.35%,10.98
handcrank flashlight,2,560,0.36%,9.42
orange toothbrush,2,558,0.36%,10.02
school emergency kits,2,549,0.36%,32.85
hand-crank flashlight,2,509,0.39%,9.04
tube tents,2,445,0.45%,13.19
survival toilet,2,427,0.47%,12.29
72-hour,2,422,0.47%,5.46
wind up flashlights,2,411,0.49%,8.38
kaito voyager,2,406,0.49%,14.66
thermal blanket material,2,402,0.5%,21.12
home emergency survival kit,2,391,0.51%,36.04
5 person survival kit,2,370,0.54%,17.67
72-hour emergency kit,2,361,0.55%,9.82
72 hour preparedness kit,2,338,0.59%,11.51
survival emergency kit,2,320,0.62%,27.51
survival kit for family of 5,2,316,0.63%,28.1
deluxe survival kit,2,311,0.64%,10.64
what is a tube tent,2,279,0.72%,10.09
emergency cabinet,2,277,0.72%,12.55
72 hour bags,2,275,0.73%,12.2
red molle pouch,2,265,0.75%,8.83
crank flash light,2,264,0.76%,9.4
toilet seat disposable covers,2,262,0.76%,15.5
72 hour survival bag,2,252,0.79%,12.27
lifestraw universal,2,251,0.8%,17.08
over and out fire blanket,2,227,0.88%,7.92
72 hour kits for sale,2,227,0.88%,12.37
emergency tent with door,2,224,0.89%,9.54
72 hour bug out bag,2,220,0.91%,35.89
crank lights,2,201,1%,18.42
72 hour food survival kit,2,200,1%,14.79
wind up flash light,2,197,1.02%,7.46
emergency hand crank flashlight,2,194,1.03%,6.16
short toothbrush,2,194,1.03%,15.3
jetboil,2,189,1.06%,35.75
survival water,2,186,1.08%,38.13
72 hr kits,2,185,1.08%,6.73
fire stopping blanket,2,184,1.09%,6.59
wind up light,2,181,1.1%,16.03
tube tents for camping,2,176,1.14%,9.44
emergency tube tent with rope,2,174,1.15%,7.41
crank charge flashlight,2,167,1.2%,9.08
fire blanket for people,2,166,1.2%,11.33
72 hrs emergency kit,2,165,1.21%,10.35
quake alarm,2,163,1.23%,17.28
large space blanket,2,155,1.29%,8.52
crank led flashlight,2,137,1.46%,7.86
all in one emergency tool,2,135,1.48%,9.5
free fire blanket,2,128,1.56%,9.57
72 hours emergency supplies,2,125,1.6%,7.3
72 hr survival kit,2,124,1.61%,10.31
fire blanket prices,2,122,1.64%,12.38
premade emergency kits,2,118,1.69%,14.66
certified fire blanket,2,103,1.94%,6.17
72 backpack,2,101,1.98%,14.95
jetboil minimo cooking system,2,96,2.08%,20.17
72hr kit,2,91,2.2%,7.34
emergency survival kit backpack,2,85,2.35%,9.34
"2 gamma seal lids for 2-gallon buckets with 10 inch diameter (do not fit 5 
gallon buckets)",2,79,2.53%,11.04
earthquake kit for school,2,79,2.53%,13.06
72 hr emergency kit,2,77,2.6%,6.82
hand crank torch light,2,69,2.9%,9.86
hand crank dynamo flashlight,2,62,3.23%,7.18
manual flashlight strong,2,56,3.57%,8.7
fire blanket certification,2,41,4.88%,5.8
72 hours water,2,33,6.06%,6.18
n95 sports mask,2,22,9.09%,17.09
black survival dynamo lamp,2,19,10.53%,10.37
emergency food bars,2,17,11.76%,4.82
emergency ration bars,2,17,11.76%,19.06
emergency candles for car,2,16,12.5%,5.19
72hours kit,2,15,13.33%,3.4
72-hr backpack,2,13,15.38%,6.92
string tent,2,3,66.67%,1.67
tooth brush,1,8299,0.01%,11.57
traction mats,1,6202,0.02%,16.19
camping stove,1,4330,0.02%,86.19
portable potty for adults,1,3314,0.03%,15.74
oil syphon pump,1,2600,0.04%,11.85
blue toothbrush,1,2540,0.04%,6.61
best fire blanket,1,2496,0.04%,14.75
led road flares,1,2176,0.05%,30.19
ready wise,1,2169,0.05%,12.93
mountain house beef stew,1,2017,0.05%,20.98
emergency sleeping bag,1,1827,0.05%,18.64
oil siphon,1,1600,0.06%,11.41
car survival kit,1,1578,0.06%,59.02
meals ready to eat,1,1565,0.06%,56.21
school emergency kit,1,1483,0.07%,26.39
meal ready to eat,1,1429,0.07%,39.82
mres food,1,1428,0.07%,14.55
auto survival kit,1,1373,0.07%,14.94
freeze dried fruits,1,1281,0.08%,55.72
emergency water rations,1,1268,0.08%,11.75
disposable toilet seat cover,1,1225,0.08%,11.1
emergency backpacks,1,1169,0.09%,23.02
crusader radio,1,1131,0.09%,7.96
mylar pouches,1,1098,0.09%,21.43
traction mats for trucks,1,1092,0.09%,19.98
mylar pouch,1,1080,0.09%,21.81
backpack survival kit,1,1036,0.1%,22.97
crank light,1,1023,0.1%,11.15
milar bags,1,1020,0.1%,21.17
portable toilet for sale,1,1016,0.1%,25.79
emergency food rations,1,1010,0.1%,44.83
datrex bars,1,953,0.1%,18.88
adult portable toilet,1,920,0.11%,14.33
clip board with cover,1,910,0.11%,3.01
5 gallon mylar bags,1,908,0.11%,16.34
survival kits for cars,1,902,0.11%,26.41
backpack emergency kit,1,901,0.11%,14.65
mountain house mac and cheese,1,891,0.11%,9.01
emergency portable toilet,1,881,0.11%,14.17
emergency fire blanket,1,880,0.11%,16.72
72 hour emergency kits,1,849,0.12%,13.56
life straw bottle,1,808,0.12%,11.66
classroom emergency kit,1,785,0.13%,27.29
emergency tube tent,1,742,0.13%,9.71
fire proof blanket,1,724,0.14%,25.52
72 hours emergency kits,1,723,0.14%,43.37
traction pads for cars,1,712,0.14%,9.3
mountain house #10 cans,1,709,0.14%,19.71
mre kits,1,706,0.14%,23.92
hand pump flashlight,1,702,0.14%,11.79
best fire blankets,1,672,0.15%,13.98
ribbon tape,1,660,0.15%,9.19
heavy duty mylar blanket,1,660,0.15%,11.08
the 72 survival kit,1,615,0.16%,8.86
emergency survival bag,1,615,0.16%,30.45
how much are fire blankets,1,595,0.17%,7.86
insulated poncho,1,580,0.17%,14.11
seventy two survival kit,1,568,0.18%,27.41
72 hour emergency food kit,1,566,0.18%,22.8
food rations,1,566,0.18%,40.32
freeze dry fruit,1,564,0.18%,30.31
thermal emergency blanket,1,563,0.18%,16.46
motion sickness bags,1,561,0.18%,22.21
mountain house emergency food,1,560,0.18%,20.19
emergency toilet kit,1,558,0.18%,20.6
emergency purified drinking water,1,549,0.18%,35.26
mountain house cans,1,547,0.18%,13.23
car traction mats,1,547,0.18%,14.05
2 person survival kit,1,543,0.18%,24.07
mylar storage bags,1,540,0.19%,34.39
ka700,1,532,0.19%,4.85
how much do fire blankets cost,1,530,0.19%,6.47
winding flashlight,1,513,0.19%,8.33
life straw water bottle,1,508,0.2%,18.55
backpack for emergency,1,497,0.2%,16.54
sos rations,1,470,0.21%,13.84
windup flashlight,1,462,0.22%,7.73
snap on toilet seat for 5 gallon bucket,1,445,0.22%,6.03
mouthshield,1,440,0.23%,15.34
car road kit,1,438,0.23%,11.1
mountain house spaghetti with meat sauce,1,434,0.23%,9.74
dynamo white flashlight,1,434,0.23%,12.34
xmre meals,1,428,0.23%,27.76
emergency water pouches,1,427,0.23%,29.03
flashlight with hand crank,1,422,0.24%,9.55
72hours canada,1,418,0.24%,4.72
emergency bag,1,406,0.25%,50.25
1 gallon mylar bags,1,391,0.26%,15.12
mountain house eggs,1,384,0.26%,11.1
emergency survival bags,1,378,0.26%,22.27
roadside emergency kit car,1,370,0.27%,15.31
emergency mylar thermal blankets,1,353,0.28%,11.68
datrex emergency water,1,352,0.28%,12.98
wool fire blankets,1,347,0.29%,45.31
mylar thermal blankets,1,343,0.29%,16.78
mountain house lasagna with meat sauce,1,339,0.29%,10.23
hand crank flash light,1,334,0.3%,9.94
mountain house can,1,332,0.3%,14.38
portable toilets for adults,1,332,0.3%,30.05
over and out fire safety blanket,1,329,0.3%,10.76
mountain house buckets,1,327,0.31%,20.69
mre star,1,326,0.31%,63.2
dynamo torch light,1,323,0.31%,11.46
portable toilet seat cover,1,323,0.31%,14.35
car emergency kit vinci,1,318,0.31%,3.92
emergency thermal blankets,1,317,0.32%,21.53
emergency essential,1,317,0.32%,29.52
mres meals ready to eat,1,305,0.33%,46.97
dynamo hand crank flashlight,1,297,0.34%,9.26
datrex 3600 emergency food bar,1,289,0.35%,13.92
72 hoirs,1,285,0.35%,8.38
fire blanket sale,1,280,0.36%,8.24
4 person survival kit,1,278,0.36%,23.69
mylar bags for food storage,1,272,0.37%,41.6
vehicle kit,1,271,0.37%,11.63
kaito ka600,1,271,0.37%,12.16
60g of blueberries,1,264,0.38%,7.59
90 day food supply,1,263,0.38%,17.93
emergency bags,1,263,0.38%,62.03
mug with carabiner handle,1,261,0.38%,11.31
toilet seat bucket lid,1,255,0.39%,13.06
portable toulet,1,254,0.39%,20.03
5 person emergency kit,1,251,0.4%,21.58
datrex emergency ration,1,246,0.41%,13.45
school earthquake kit,1,235,0.43%,16.34
deluxe emergency survival kit,1,233,0.43%,6.21
datrex rations,1,220,0.45%,12.8
extra large space blanket,1,214,0.47%,11.14
fire blanket size,1,212,0.47%,14.94
toilet bucket lid,1,210,0.48%,12.15
emergency food ration,1,209,0.48%,41.33
disposable hand warmer,1,200,0.5%,35.23
megaphone with siren,1,200,0.5%,59.71
mountain survival food,1,197,0.51%,15.31
the first 72 hours,1,196,0.51%,22.49
mountain house food sale,1,193,0.52%,31.65
personal survival kit,1,193,0.52%,50.6
72-hour kit,1,192,0.52%,10.8
long burning candles for emergency,1,188,0.53%,15.56
the 72 bag,1,187,0.53%,9.83
datrex emergency drinking water expiration date,1,185,0.54%,9.37
large fire blankets,1,185,0.54%,19.77
mountain house beef stew #10 can,1,177,0.56%,5.57
camping toilet lid,1,177,0.56%,5.8
voyager weather radio,1,176,0.57%,20.59
best hand crank lantern,1,170,0.59%,14.43
buy freeze dried food,1,166,0.6%,67.16
72 hour survival,1,164,0.61%,10.05
6 month emergency food supply,1,164,0.61%,59.83
wind up flashlight ww1,1,161,0.62%,10.25
72 hours supplies,1,160,0.62%,7.53
emergency wind up flashlight,1,159,0.63%,5.77
fireblankets,1,159,0.63%,22.91
emergency backpack for car,1,159,0.63%,24.31
green mylar bags,1,156,0.64%,12.83
camping cooking bags,1,156,0.64%,14.28
mountain house #10 cans sale,1,152,0.66%,12.29
6 gallon mylar bags,1,151,0.66%,10.46
72 hour assault pack,1,150,0.67%,15.35
sam finger splint,1,146,0.68%,46.49
survival food kits,1,145,0.69%,74.35
survival tabs ingredients,1,139,0.72%,6.38
mountain house kits,1,138,0.72%,20.29
emergency kit for students at school,1,136,0.74%,24.36
led hand crank flashlight,1,132,0.76%,5.93
toilet snap,1,132,0.76%,8.19
thermal foil blanket,1,131,0.76%,18.6
door pull keychain,1,127,0.79%,7.69
jetboil 5l flux pot,1,127,0.79%,13.32
emergency survival,1,127,0.79%,29.55
top rated fire blankets,1,124,0.81%,12.65
daytrex,1,122,0.82%,8.88
mountain house meals for sale,1,121,0.83%,34.25
spider straps,1,121,0.83%,61.6
what is a hand crank flashlight,1,120,0.83%,9.75
whole house fire blanket,1,120,0.83%,16.49
portable toilet for home use,1,120,0.83%,27.31
survival backpack kit with food,1,119,0.84%,47.48
mountain house breakfast,1,117,0.85%,28.76
lifestraw family 1.0,1,115,0.87%,19.36
72 hours store,1,111,0.9%,3.67
hand power flashlight,1,111,0.9%,10.55
beef stew mountain house,1,109,0.92%,13.78
dynamo led flashlight,1,108,0.93%,14.9
earthquake survival kits,1,107,0.93%,31.47
emergency survival gear,1,104,0.96%,62.22
jetboil utensil set,1,102,0.98%,12.28
organic freeze dried emergency food,1,102,0.98%,19.11
magnetic pen light,1,102,0.98%,22.58
piezo ignition gas stove,1,101,0.99%,13.85
72 hour backpacks,1,99,1.01%,7.18
emergency kit survival,1,99,1.01%,39.18
72 hours fire blanket,1,97,1.03%,9.59
clipboards with covers,1,94,1.06%,14.89
72 hour duffle bag,1,92,1.09%,5.21
mountain house yellow curry,1,92,1.09%,13.42
5 person emergency survival kit,1,92,1.09%,14.96
freeze dried food,1,92,1.09%,66.22
mountain house creamy macaroni and cheese,1,89,1.12%,8.52
shop emergency tools & kits,1,89,1.12%,11.79
375 lumens,1,85,1.18%,9.84
72 hour emergency,1,83,1.2%,15.31
wind flashlight,1,83,1.2%,17.08
jetboil mini mo,1,83,1.2%,30.52
cost of fire blankets,1,81,1.23%,11.58
mre with heater,1,81,1.23%,68.58
analog emergency radio,1,80,1.25%,10.85
emergency heat candles,1,77,1.3%,11.03
72 hour first aid kit,1,76,1.32%,11.01
disposable poncho kids,1,76,1.32%,12.58
72 hour emergency backpack kit,1,74,1.35%,27.92
mountain house on sale,1,73,1.37%,25.74
mountain house breakfast skillet #10 can,1,72,1.39%,9.06
90% wool blanket,1,72,1.39%,12.65
heavy duty survival blanket,1,71,1.41%,40.94
portable toilets for home use,1,70,1.43%,30.69
mylar baga,1,69,1.45%,13.3
wise food storage,1,68,1.47%,24.19
"mountain house cooked ground beef | freeze dried survival & emergency food 
| #10 can | gluten-free",1,67,1.49%,5.63
72 hour kit supplies,1,67,1.49%,15.16
stainless steel carabiner mug,1,66,1.52%,18.14
most expensive survival kit,1,65,1.54%,13.31
carabiner mugs,1,64,1.56%,39.8
high quality mylar bags,1,61,1.64%,17.7
port toilet,1,60,1.67%,12.18
jet boil minimo,1,60,1.67%,17.4
bathroom emergency kit,1,57,1.75%,10.47
jungle machete,1,57,1.75%,30.81
72hours burnaby,1,56,1.79%,5.77
swiss army knife adventurer,1,56,1.79%,11.45
quake alarm earthquake detector,1,56,1.79%,13.18
best emergency candles for car,1,54,1.85%,8.74
are hand crank flashlights good,1,54,1.85%,10.63
big fire blanket,1,53,1.89%,16.43
orange tooth brush,1,52,1.92%,7
dynamo solar radio,1,51,1.96%,63.47
fire blanket 1.8m x 1.8m,1,50,2%,8.3
tactical back pack,1,49,2.04%,51.14
hand-crank flashlights,1,47,2.13%,10.45
kit 72 horas,1,45,2.22%,8.29
72hr bag,1,45,2.22%,25.49
water packets for emergency,1,45,2.22%,28.78
lifestraw 2-stage membrane microfilter replacement filter,1,44,2.27%,18.43
wooden splint sizes,1,44,2.27%,32.34
lds 72 hour kit,1,44,2.27%,56.39
lifeboat rations,1,43,2.33%,12.77
72h emergency kit,1,42,2.38%,5.71
tube tent survival shelter,1,41,2.44%,22.39
3 in 1 hammer,1,40,2.5%,1.98
extra large emergency blanket,1,38,2.63%,6.39
emergency shelter tent,1,38,2.63%,39.11
hatchet hammer combo,1,38,2.63%,56.32
metal cup with carabiner handle,1,36,2.78%,7.25
victorinox adventurer knife,1,36,2.78%,12.58
survival tab,1,35,2.86%,13.37
heavy duty tube tent,1,35,2.86%,38.74
survive 72 hours,1,34,2.94%,6.97
mountain house pad thai with chicken,1,34,2.94%,7.56
4 person 72 hour survival kit,1,34,2.94%,10.82
glow in the dark swiss army knife,1,34,2.94%,35.68
life straw family,1,32,3.12%,24.56
72 hours warehouse,1,31,3.23%,6.84
72 hours website,1,30,3.33%,2.1
kit 72 hours,1,30,3.33%,9.13
wind-up torch,1,30,3.33%,10.47
earthquake survival kit,1,30,3.33%,27.63
mre meals with heater,1,30,3.33%,65.33
water pouches,1,29,3.45%,7.03
survival emergency backpack,1,29,3.45%,9.69
survival kits canada,1,29,3.45%,13.28
portable toilet manufacturers in usa,1,29,3.45%,88.55
ckw-011,1,28,3.57%,4.82
mountain house canada,1,28,3.57%,6.43
wind up led flashlight,1,28,3.57%,6.79
portable toilet seat for 5 gallon bucket,1,28,3.57%,33.64
survival kit 72 hours,1,26,3.85%,7
16 oz mylar bags,1,26,3.85%,14.08
gluten free rations,1,26,3.85%,14.62
gluten free emergency food bars,1,26,3.85%,38.73
emergency candle for car,1,25,4%,7.6
emergency drink,1,25,4%,13.6
travel toilet seat covers for adults,1,25,4%,13.8
jetboil 1.5l pot,1,25,4%,29.24
emergency food rations bars,1,25,4%,66.92
pad thai mountain house,1,24,4.17%,6.83
jetboil jetset utensil kit,1,24,4.17%,7.21
carabiner mug with lid,1,24,4.17%,15.42
victorinox stay glow,1,24,4.17%,18.12
fire emergency blanket,1,23,4.35%,24.78
car emergency candle,1,22,4.55%,3.82
er water,1,22,4.55%,4.86
emergency food,1,21,4.76%,9.71
swiss army knife rescue tool,1,20,5%,62.05
emergency food kit for car,1,19,5.26%,14.05
flashlight no batteries needed,1,19,5.26%,40.74
standard size of fire blanket,1,18,5.56%,4.33
jetboil 5l pot,1,18,5.56%,11.17
emergency kit for backpack,1,18,5.56%,12.56
camping toilet seat for 5 gallon bucket,1,18,5.56%,26.5
piezo camping stove,1,17,5.88%,6.47
emergency response cabinet,1,17,5.88%,11.59
mountain house meal sale,1,17,5.88%,11.88
mountain house single serving,1,17,5.88%,18.47
emergency calories,1,16,6.25%,42
36 hour candle,1,15,6.67%,5.6
on the go toilet seat covers,1,15,6.67%,10.27
safety pins dollar tree,1,14,7.14%,8.86
mountain house meals canada,1,13,7.69%,3.15
earthquake alarm detector,1,13,7.69%,18.54
water bottle lifestraw,1,13,7.69%,23.38
lifestraw flex gravity bag,1,13,7.69%,25.38
sos food,1,13,7.69%,27.85
safety tent,1,12,8.33%,1
72hrs survival kit,1,12,8.33%,7.75
3 day survival kit,1,12,8.33%,53.25
large survival kit,1,12,8.33%,54.67
stainless steel mug with carabiner clip handle,1,11,9.09%,7.55
life straw diagram,1,11,9.09%,15.45
toilet seat for a bucket,1,11,9.09%,39.45
survival food,1,10,10%,1.6
emergency kit for home,1,10,10%,4.7
fire bla,1,10,10%,5.9
hand crank flashlight bulk,1,10,10%,11.3
victorinox stayglow scales,1,10,10%,27.2
72 hours pack,1,9,11.11%,5.44
large thermal blankets,1,9,11.11%,5.44
5 gallon food grade bags,1,9,11.11%,11.56
tactical bags canada,1,9,11.11%,63.11
"lifestraw go water filter bottle with 2-stage integrated filter straw for 
hiking, backpacking, and travel, blue",1,8,12.5%,9.88
5 gallon bucket toilet seat home depot,1,8,12.5%,12.75
how to replace lifestraw carbon filter,1,7,14.29%,28.29
freeze dried meat,1,7,14.29%,28.86
temporary toilet seat,1,6,16.67%,1
survival food bars,1,6,16.67%,2.83
jetboil stove,1,6,16.67%,3.33
dollar tree safety pins,1,6,16.67%,5.17
bulk oxygen absorbers,1,6,16.67%,5.33
jetboil flash 1.0l,1,6,16.67%,9.17
emergency poo kit,1,6,16.67%,9.83
best tube tent,1,6,16.67%,21.83
jetboil minimo adventure,1,6,16.67%,37.17
jetboil minimo 2,1,6,16.67%,39.67
lrp meals,1,6,16.67%,42.5
lifestraw go replacement filter,1,6,16.67%,55.33
72h.com,1,5,20%,3.4
thermal poncho,1,5,20%,9.2
hurricane survival kits,1,5,20%,27
toilet seat for camping,1,4,25%,1.5
fire blanket certificate,1,4,25%,2.25
canned beef stew,1,4,25%,4.75
safety pin target,1,4,25%,10.25
best earthquake kit,1,4,25%,12.75
emergency mini toilet,1,4,25%,17
victorinox classic,1,4,25%,27.25
jet boil camp stove,1,3,33.33%,1.67
small aluminum shovel,1,3,33.33%,2
luxury emergency kit,1,3,33.33%,3
porta potty rental,1,3,33.33%,4
pack of reusable face masks,1,3,33.33%,11.33
portble potty,1,3,33.33%,16
emergency kit for earthquake,1,3,33.33%,19.33
telescoping fire blower,1,3,33.33%,19.33
fireplace bellows,1,3,33.33%,24.67
toilet seat liners,1,3,33.33%,25.33
caribiner mug,1,2,50%,1.5
weather radio station fm near me,1,2,50%,3
nuclear attack survival kit uk,1,2,50%,4
military survival kits,1,2,50%,4.5
pet first aid kit,1,2,50%,5.5
canned food bulk,1,2,50%,7
bug out bag supplies,1,2,50%,8
top rated survival kits,1,2,50%,27
survivalist kits,1,2,50%,28.5
tire-pressure gauge,1,2,50%,39
air tight food storage buckets,1,2,50%,45.5
5 gallon bucket with airtight lid,1,1,100%,1
5 gallon food container,1,1,100%,1
above-ground water tanks,1,1,100%,1
brightest glow sticks,1,1,100%,1
campfire bellows,1,1,100%,1
camping meal pouches,1,1,100%,1
cans of meat,1,1,100%,1
clear stand-up pouches,1,1,100%,1
disposable sleeping bag,1,1,100%,1
fire wool,1,1,100%,1
flat fix can,1,1,100%,1
food buckets for long term storage,1,1,100%,1
large dry food storage containers,1,1,100%,1
life raft rations,1,1,100%,1
long term bulk food storage containers,1,1,100%,1
pre packed bug out bag,1,1,100%,1
toilet covers,1,1,100%,1
toilet kits,1,1,100%,1
water bottle filters,1,1,100%,1
camp kitchen,1,1,100%,2
eu 72 hour survival kit,1,1,100%,2
jumper cables walgreens,1,1,100%,2
survival kaarsen,1,1,100%,2
high calorie survival bars,1,1,100%,3
survival gear for nuclear war,1,1,100%,3
1.5 gallon freezer bags,1,1,100%,4
fireplace bellows for sale,1,1,100%,4
best freeze dried meals,1,1,100%,5
car go bag,1,1,100%,5
foldable snow shovel for car,1,1,100%,5
sol emergency tent,1,1,100%,5
dehydrated meals for backpacking,1,1,100%,6
ems cabinets,1,1,100%,6
nuclear war survival kits,1,1,100%,6
jetboul,1,1,100%,7
dry emergency food,1,1,100%,9
best bugout bags,1,1,100%,12
compass multitool,1,1,100%,16
stainless steel mug,1,1,100%,17
wire saw,1,1,100%,22
fire blankets,0,9014,0%,29.86
mountain house freeze dried food,0,5526,0%,14.26
toilet seat covers disposable,0,5256,0%,13.69
freeze dried fruit,0,4601,0%,60.68
backpacking stove,0,3052,0%,48.29
portable potty,0,3004,0%,41.39
emergency essentials,0,2942,0%,50.87
car safety kit,0,2807,0%,43.81
car emergency kits,0,2702,0%,52.2
mre's,0,2443,0%,24.3
vehicle emergency kit,0,2335,0%,37.58
temporary toilet,0,2268,0%,25.56
moutain house,0,2208,0%,14.4
auto emergency kit,0,2197,0%,38.12
cot,0,2165,0%,33.88
emergency survival kits,0,2041,0%,48.42
portable bathroom,0,2006,0%,48.92
emergency kits for cars,0,1918,0%,44.66
molle backpack,0,1898,0%,22.32
fire blanket for house,0,1806,0%,15.49
wooden splint,0,1785,0%,11.57
myler bags,0,1745,0%,18.47
lifestraw go,0,1729,0%,28.21
pet emergency kit,0,1727,0%,40.46
car survival kits,0,1710,0%,37.15
lifestraw bottle,0,1706,0%,28.39
mountain house beef stroganoff,0,1622,0%,18.33
fire blanket for kitchen,0,1618,0%,13.91
mylar blanket,0,1572,0%,44.62
emergency kits,0,1562,0%,66.33
fire safety blanket,0,1559,0%,17.8
72 hour food kit,0,1546,0%,27.8
waterproof matches,0,1479,0%,54.1
160 gallon water tank,0,1455,0%,34.06
mre meal,0,1446,0%,28.38
tactical bags,0,1446,0%,47.71
emergency thermal blanket,0,1428,0%,14.5
what is 72 hours,0,1427,0%,11.06
mountain house foods,0,1376,0%,20.06
car disaster kit,0,1367,0%,46.61
readywise food,0,1351,0%,23.7
2 person deluxe 72 hour emergency preparedness kit (food water and fire),0,1329,0%,6.34
red backpacks,0,1324,0%,65.81
emergency car kits,0,1305,0%,49.63
mobile toilet,0,1289,0%,41.65
portable toilet supplier,0,1282,0%,20.8
lifestraw family,0,1279,0%,30.63
readywise emergency food supply,0,1271,0%,32.41
compact camping stove,0,1269,0%,38.86
mountian house,0,1268,0%,14.6
road flares,0,1256,0%,41.4
toilets portable,0,1251,0%,45.84
automobile survival kit,0,1244,0%,24.9
siphon pump for oil,0,1223,0%,12.49
clipboard,0,1216,0%,12.51
fire extinguisher blanket,0,1196,0%,17.09
320 gallon water tank,0,1191,0%,19.6
mylar food storage bags,0,1190,0%,40.79
freeze dried blueberries,0,1189,0%,49.46
portable toilet for home,0,1182,0%,31.31
automobile emergency kit,0,1176,0%,55.17
emergency road kit,0,1132,0%,27.36
mylar blankets,0,1131,0%,18.57
160 gallon water storage tank,0,1128,0%,33.34
3600 calorie emergency food bar,0,1125,0%,26.02
pet emergency kits,0,1120,0%,27.04
300cc oxygen absorbers,0,1097,0%,16.36
emergency kit car,0,1095,0%,37.07
small mylar bags,0,1094,0%,29.63
160 gallon water storage,0,1092,0%,33.65
fireblanket,0,1090,0%,32.88
road trip emergency kit,0,1086,0%,42.06
mylar bags zip lock,0,1082,0%,10.84
mouth shield,0,1081,0%,25.02
mre packs,0,1080,0%,20.43
mountain house chili mac,0,1069,0%,33.23
vehicle emergency kits,0,1058,0%,48.35
mountain house mre,0,1041,0%,15.33
roadside emergency kits,0,1037,0%,49.32
mountain house pouch,0,1033,0%,22.95
portable toilet price,0,1033,0%,41.32
emergency survival kit (72-hour),0,1020,0%,10.58
where to buy mylar bags,0,1018,0%,24.88
lifestraw,0,1018,0%,25.5
mylar ziplock bags,0,1012,0%,17.84
320 gallon water storage,0,1011,0%,16.55
72 hours canada,0,1010,0%,9.48
car safety kits,0,1007,0%,47.73
survival kits for car,0,1004,0%,22.21
portable toliet,0,1000,0%,38.32
survival pack,0,950,0%,44.47
emergency supplies for car,0,931,0%,61.37
car survival pack,0,922,0%,51.64
meals ready to eat for sale,0,908,0%,44.26
mountain house #10,0,895,0%,29.89
gluten free emergency food,0,895,0%,45.09
kitchen fire blanket,0,894,0%,16.96
safety car kit,0,892,0%,57.42
emergency kit for cars,0,886,0%,51.19
luna burner,0,881,0%,7.52
buy portable toilet,0,878,0%,33.78
auto emergency kits,0,877,0%,43.9
portable toilet seats,0,870,0%,15.39
72 hour pack,0,858,0%,16.68
mylar bags for sale,0,857,0%,37.6
freeze-dried fruits,0,857,0%,57.7
mountain house spaghetti,0,850,0%,9.82
mre food packs,0,846,0%,15.84
large mylar bags,0,841,0%,22.86
safety pack for car,0,833,0%,42.65
portable home toilet,0,831,0%,29.39
emergency supplies,0,831,0%,61.41
fire blanket cost,0,829,0%,8.57
ice scraper,0,829,0%,21.71
2 person emergency kit,0,827,0%,18.35
survival kit for car,0,822,0%,51.61
life straw water filter,0,817,0%,25.82
survival kit with food,0,816,0%,62.06
mylar bags 5 gallon,0,815,0%,18.51
mylar food bags,0,806,0%,22.64
auto survival kits,0,799,0%,15.39
automotive emergency kit,0,799,0%,47.99
safety kit for car,0,796,0%,51.45
disaster kit for car,0,796,0%,51.62
car kit emergency,0,791,0%,38.62
tire traction mat,0,789,0%,13.88
flagging tape pink,0,787,0%,39.92
toilet portable,0,785,0%,29.69
jetboil stash,0,785,0%,58.15
led road flare,0,783,0%,45.36
survival kit auto,0,778,0%,15.17
datrex water,0,761,0%,10.3
emergency kits for vehicles,0,757,0%,56.14
covered clipboard,0,751,0%,16.65
readywise food supply,0,749,0%,31.79
mountain house pouches,0,744,0%,21.42
candles for emergency,0,744,0%,35.42
travel toilet,0,743,0%,37.45
safety kits for cars,0,735,0%,59.9
truck emergency kits,0,722,0%,64.69
mountain house meal,0,717,0%,19.65
car kit emergency supplies,0,716,0%,36.03
lifestraw filter,0,715,0%,24.47
emergency pack,0,713,0%,69.84
automobile emergency kits,0,712,0%,44.26
mre's meals ready to eat,0,707,0%,73.05
fire protection blankets,0,700,0%,28.18
instant fire,0,699,0%,11.2
portable cot,0,695,0%,16.35
portable bucket toilet,0,691,0%,21.19
gallon mylar bags,0,689,0%,15.15
emergency vehicle kit,0,679,0%,41.13
car emergency pack,0,679,0%,54.06
emergency kit for auto,0,676,0%,30.75
customized car emergency kits,0,674,0%,17.27
cranking flashlight,0,671,0%,10.02
mylar foil bags,0,667,0%,19.14
emergency toilet,0,664,0%,27.86
candles emergency,0,661,0%,35.07
mountain house survival food,0,655,0%,20.53
maylar bags,0,654,0%,25.6
emergency toilets portable,0,649,0%,13.67
automobile safety kits,0,649,0%,39.39
how much is a fire blanket,0,646,0%,7.6
emergency vehicle kits,0,645,0%,62.45
portable wc,0,644,0%,16.26
emergency sleeping bags,0,642,0%,35.85
mylars,0,641,0%,45.45
customized carabiner handle stainless steel mugs,0,641,0%,54.14
emergency auto kit,0,638,0%,53.57
mountain house bucket,0,632,0%,17.86
disposable toilet seats,0,628,0%,28.56
200 lumen headlamp,0,628,0%,48
emergency kit,0,627,0%,66.07
porta potty for sale,0,625,0%,68.57
road trip emergency car kit,0,624,0%,27.26
orange hard hat,0,623,0%,23.83
thermal blankets for sale,0,617,0%,32
emergency backpack deals,0,617,0%,49
mountain house freeze dried,0,614,0%,16.23
fireproof blanket,0,610,0%,39.18
auto safety kit,0,608,0%,33.43
sos water,0,607,0%,13
automotive safety kits,0,603,0%,43.79
2 person survival kits,0,602,0%,11.42
emergency kit auto,0,601,0%,24.7
emergency auto kits,0,597,0%,61.09
emergency kit for vehicle,0,594,0%,53.91
vehicle safety kits,0,593,0%,51.48
automotive emergency kits,0,589,0%,41.37
storage cabinet for disaster supplies,0,588,0%,26.68
mountain house chicken and rice,0,586,0%,13.11
mountain house pasta primavera,0,583,0%,9.52
lifestraw water filter,0,583,0%,38.63
emergency kit for the car,0,583,0%,51.77
emergency candle,0,581,0%,27.06
lifestraw go water bottle,0,580,0%,22.85
car emergency kits for vehicles,0,579,0%,47.96
wise dried food,0,574,0%,33.22
survival kit in car,0,572,0%,48.7
dynamo flashlight lighting,0,571,0%,13.54
red backpack,0,571,0%,68.51
readywise emergency food,0,569,0%,23.97
voyager pro radio,0,568,0%,10.19
mylarbags,0,568,0%,20.55
emergency roadside kits,0,568,0%,41.98
traction mats for cars,0,567,0%,12.29
survival kit car,0,565,0%,59.27
emergency survival packs,0,564,0%,37.76
automobile safety kit,0,564,0%,42.21
72 hour emergency bag,0,561,0%,7.83
car emergency kit branded,0,559,0%,43.32
best tire traction mats,0,553,0%,18.45
50 litre water container,0,550,0%,34.3
jetboil cup,0,548,0%,17.84
portable toilet suppliers,0,547,0%,46.39
mylar emergency blanket,0,546,0%,22.88
military food packs,0,542,0%,15.65
flashlight hand crank,0,540,0%,11.71
2 person emergency kits,0,539,0%,11.4
contactless door openers,0,537,0%,26.27
custom promotional roadside emergency kits,0,536,0%,70.21
small portable toilet,0,534,0%,25.03
2 person emergency survival kit backpack,0,533,0%,11.77
buy portable toilets,0,533,0%,45.89
jetboil micromo,0,531,0%,36.28
survival car kits,0,531,0%,52.07
red flagging tape,0,530,0%,40.68
toilet seat cover disposable,0,529,0%,14.74
emergency kits for car,0,528,0%,45.85
blueberry nutritional facts,0,523,0%,1.9
personal toilet,0,523,0%,27.15
1 oz stand up pouch,0,522,0%,19.59
portable porta potty,0,521,0%,44.56
emergency kit school,0,520,0%,21.57
emergency kit for vehicles,0,516,0%,52.23
safety car kits,0,514,0%,62.06
roll of duct tape,0,513,0%,53.14
mylar bags for food storage 5 gallon,0,512,0%,20.44
credit card survival tool instructions,0,511,0%,65.37
mri food,0,507,0%,13.27
roadside emergency kit,0,507,0%,52.54
personalized car emergency kits,0,507,0%,55.19
5 in 1 survival tool,0,506,0%,23.47
jetboil genesis,0,506,0%,57.96
fire protection blanket,0,504,0%,23.29
emergency water packets,0,502,0%,32.87
car kit for emergency,0,501,0%,48.6
toilet seat for buckets,0,499,0%,61.99
heat retaining blanket,0,497,0%,30.66
smallest camping stove,0,497,0%,38.26
myler bag,0,494,0%,19.04
mylar,0,494,0%,37.31
telescoping bellows,0,492,0%,7.26
mountain house lasagna,0,489,0%,12.63
2000cc oxygen absorbers,0,488,0%,18.19
freeze dried food wise,0,486,0%,49.13
camping cooking stove,0,486,0%,61.46
emergency bathroom kit,0,484,0%,12.3
bulk mylar bags,0,483,0%,74.19
fire proof blankets,0,482,0%,30.87
mre rations,0,482,0%,34.49
orange hard hats,0,482,0%,40.95
ready wise food,0,481,0%,19.02
candles for survival,0,481,0%,26.44
hand cranking flashlight,0,479,0%,11.14
jetboil pot support,0,479,0%,26.58
jetboil coffee press,0,478,0%,64.87
readywise freeze dried food,0,477,0%,18.35
bucket toilet lid,0,474,0%,13.03
vehicle emergency,0,472,0%,60.08
fire blankets price,0,470,0%,20.43
mountain house pad thai,0,469,0%,10.2
emergency kits for schools,0,469,0%,39.42
vehicle survival kit,0,466,0%,45.08
fire extinguishing blanket,0,462,0%,14.79
standard clipboard,0,462,0%,18.65
in car emergency kit,0,462,0%,37.47
closed clipboard,0,461,0%,5.5
lifestraws,0,456,0%,19.66
wise freeze dried food,0,456,0%,47.98
siphon pump oil,0,454,0%,14.81
what 72 hours,0,453,0%,8.38
survival bags,0,452,0%,20.54
wise food buckets,0,452,0%,25.08
roadside emergency car kit,0,450,0%,27.24
lifestraw filter replacement,0,449,0%,18.52
blanket to put out fire,0,448,0%,14.44
insta fire,0,446,0%,23.52
earthquake kits for schools,0,445,0%,21.09
emergency preparedness kits for schools,0,445,0%,22.59
can fire blankets be reused,0,444,0%,37.13
mres for sale,0,443,0%,21.22
mre ready to eat meals,0,442,0%,53.77
wise emergency foods,0,441,0%,45.02
emergency supplies in car,0,439,0%,42.2
mt house freeze dried foods,0,438,0%,14.62
kaito voyager pro,0,437,0%,12.05
7 in 1 survival whistle,0,437,0%,13.99
safety kit car,0,436,0%,56.3
portable bathroom for home,0,435,0%,40.49
hand warmer,0,433,0%,90.57
fire blanket for sale,0,432,0%,11.97
mylar clear pouch,0,432,0%,13.46
lifestraw replacement filter,0,432,0%,15.2
leather palm work gloves,0,431,0%,42.65
survival emergency kits,0,431,0%,45.38
air balaclava,0,430,0%,45.11
wind up torch,0,426,0%,11.37
emergency kit bag,0,426,0%,18.51
mylar bags for 5 gallon bucket,0,424,0%,32.57
dynamo torch,0,423,0%,15.58
4 oz stand up pouch,0,422,0%,29.01
emergency whistle,0,422,0%,29.79
100 hour candle,0,422,0%,36.61
car kits emergency,0,419,0%,43.34
porta potty toilet,0,419,0%,53.86